epoch,train_loss,val_loss,token_acc,exact_acc,epoch_time,seq_length,vocab_size,train_examples,hidden_size,num_layers,num_heads,lr,batch_size
1,2.233972,0.253521,0.922800,0.876400,75.21,2,1026,50000,512,6,8,0.0003,256
2,0.161575,0.111298,0.970000,0.942800,4.88,2,1026,50000,512,6,8,0.0003,256
3,0.099160,0.075930,0.976000,0.952400,4.99,2,1026,50000,512,6,8,0.0003,256
4,0.063336,0.045845,0.985500,0.971200,4.81,2,1026,50000,512,6,8,0.0003,256
5,0.037105,0.029944,0.990800,0.981800,4.93,2,1026,50000,512,6,8,0.0003,256
6,0.022280,0.018602,0.994800,0.989600,5.05,2,1026,50000,512,6,8,0.0003,256
7,0.017751,0.016431,0.995700,0.991400,5.04,2,1026,50000,512,6,8,0.0003,256
8,0.016846,0.017932,0.996000,0.992000,5.03,2,1026,50000,512,6,8,0.0003,256
