epoch,train_loss,val_loss,token_acc,exact_acc,epoch_time,seq_length,vocab_size,train_examples,hidden_size,num_layers,num_heads,lr,batch_size
1,4.316348,1.285462,0.687625,0.035000,110.49,8,1026,50000,512,6,8,0.0003,256
2,0.697901,0.364506,0.916525,0.517200,5.18,8,1026,50000,512,6,8,0.0003,256
3,0.274822,0.204729,0.951925,0.691000,5.15,8,1026,50000,512,6,8,0.0003,256
4,0.160056,0.119916,0.973100,0.815600,4.97,8,1026,50000,512,6,8,0.0003,256
5,0.092209,0.063643,0.986125,0.897000,4.91,8,1026,50000,512,6,8,0.0003,256
6,0.054523,0.043174,0.992175,0.940400,5.15,8,1026,50000,512,6,8,0.0003,256
7,0.040009,0.039503,0.994350,0.959400,5.20,8,1026,50000,512,6,8,0.0003,256
8,0.038808,0.038734,0.994775,0.960600,5.11,8,1026,50000,512,6,8,0.0003,256
