epoch,train_loss,val_loss,token_acc,exact_acc,epoch_time,seq_length,vocab_size,train_examples,hidden_size,num_layers,num_heads,lr,batch_size
1,3.270736,0.663020,0.827500,0.481200,153.31,4,1026,50000,512,6,8,0.0003,256
2,0.328942,0.213666,0.948600,0.817200,4.59,4,1026,50000,512,6,8,0.0003,256
3,0.161573,0.119205,0.967950,0.881800,4.96,4,1026,50000,512,6,8,0.0003,256
4,0.100666,0.080430,0.977200,0.912800,4.89,4,1026,50000,512,6,8,0.0003,256
5,0.056616,0.038633,0.989750,0.960400,4.86,4,1026,50000,512,6,8,0.0003,256
6,0.032223,0.025352,0.994500,0.979200,5.14,4,1026,50000,512,6,8,0.0003,256
7,0.024179,0.022683,0.995750,0.983400,5.23,4,1026,50000,512,6,8,0.0003,256
8,0.023773,0.023049,0.995600,0.982800,5.17,4,1026,50000,512,6,8,0.0003,256
