epoch,train_loss,val_loss,token_acc,exact_acc,epoch_time,seq_length,vocab_size,train_examples,hidden_size,num_layers,num_heads,lr,batch_size
1,5.473619,3.491671,0.148762,0.000000,116.24,64,1026,50000,512,6,8,0.0003,256
2,2.257648,0.712219,0.848316,0.000000,8.41,64,1026,50000,512,6,8,0.0003,256
3,0.330384,0.187955,0.962750,0.104600,8.48,64,1026,50000,512,6,8,0.0003,256
4,0.133126,0.097481,0.981175,0.312200,8.46,64,1026,50000,512,6,8,0.0003,256
5,0.079366,0.067679,0.987938,0.476200,8.48,64,1026,50000,512,6,8,0.0003,256
6,0.062221,0.058822,0.990094,0.536000,8.51,64,1026,50000,512,6,8,0.0003,256
7,0.057771,0.056834,0.990762,0.563800,8.46,64,1026,50000,512,6,8,0.0003,256
8,0.057227,0.058377,0.990269,0.551200,8.49,64,1026,50000,512,6,8,0.0003,256
