epoch,train_loss,val_loss,token_acc,exact_acc,epoch_time,seq_length,vocab_size,train_examples,hidden_size,num_layers,num_heads,lr,batch_size
1,3.791176,2.423477,0.216191,0.000000,105.43,256,1026,50000,512,6,8,0.0003,256
2,1.394013,0.341615,0.886796,0.000000,28.49,256,1026,50000,512,6,8,0.0003,256
3,0.144788,0.065891,0.984646,0.021200,28.97,256,1026,50000,512,6,8,0.0003,256
4,0.044866,0.034128,0.993932,0.223800,29.29,256,1026,50000,512,6,8,0.0003,256
5,0.029218,0.025989,0.995584,0.327400,29.36,256,1026,50000,512,6,8,0.0003,256
6,0.024906,0.024077,0.996008,0.364600,29.19,256,1026,50000,512,6,8,0.0003,256
7,0.023753,0.023411,0.996241,0.383400,28.43,256,1026,50000,512,6,8,0.0003,256
8,0.023542,0.023768,0.996080,0.364600,28.54,256,1026,50000,512,6,8,0.0003,256
