epoch,train_loss,val_loss,token_acc,exact_acc,epoch_time,seq_length,vocab_size,train_examples,hidden_size,num_layers,num_heads,lr,batch_size
1,5.334544,3.279260,0.359388,0.000000,140.51,16,1026,50000,512,6,8,0.0003,256
2,1.907614,1.015741,0.799562,0.033200,5.33,16,1026,50000,512,6,8,0.0003,256
3,0.650260,0.453149,0.909350,0.230600,5.26,16,1026,50000,512,6,8,0.0003,256
4,0.309306,0.233451,0.953375,0.486800,5.26,16,1026,50000,512,6,8,0.0003,256
5,0.179096,0.138686,0.976725,0.699000,5.21,16,1026,50000,512,6,8,0.0003,256
6,0.117384,0.102100,0.986437,0.810400,5.24,16,1026,50000,512,6,8,0.0003,256
7,0.093880,0.090339,0.990325,0.867000,5.35,16,1026,50000,512,6,8,0.0003,256
8,0.089319,0.089912,0.989838,0.856000,4.79,16,1026,50000,512,6,8,0.0003,256
