epoch,train_loss,val_loss,token_acc,exact_acc,epoch_time,seq_length,vocab_size,train_examples,hidden_size,num_layers,num_heads,lr,batch_size
1,5.682783,4.175744,0.144994,0.000000,108.59,32,1026,50000,512,6,8,0.0003,256
2,3.291162,2.005619,0.579275,0.000000,5.42,32,1026,50000,512,6,8,0.0003,256
3,1.142863,0.669005,0.855437,0.009400,5.29,32,1026,50000,512,6,8,0.0003,256
4,0.466614,0.329922,0.937881,0.157800,5.29,32,1026,50000,512,6,8,0.0003,256
5,0.250548,0.197986,0.967006,0.372600,5.43,32,1026,50000,512,6,8,0.0003,256
6,0.165172,0.143574,0.981762,0.585000,5.18,32,1026,50000,512,6,8,0.0003,256
7,0.136688,0.131810,0.984081,0.629200,5.68,32,1026,50000,512,6,8,0.0003,256
8,0.131302,0.131406,0.984762,0.637200,5.32,32,1026,50000,512,6,8,0.0003,256
