epoch,train_loss,val_loss,token_acc,exact_acc,epoch_time,seq_length,vocab_size,train_examples,hidden_size,num_layers,num_heads,lr,batch_size
1,3.037093,1.877749,0.309241,0.000000,206.02,512,1026,50000,512,6,8,0.0003,256
2,1.717597,1.284782,0.528099,0.000000,57.28,512,1026,50000,512,6,8,0.0003,256
3,0.671448,0.265617,0.913136,0.000000,57.83,512,1026,50000,512,6,8,0.0003,256
4,0.175142,0.124952,0.960484,0.000000,58.34,512,1026,50000,512,6,8,0.0003,256
5,0.104924,0.091696,0.971609,0.000000,58.19,512,1026,50000,512,6,8,0.0003,256
