epoch,train_loss,val_loss,token_acc,exact_acc,epoch_time,seq_length,vocab_size,train_examples,hidden_size,num_layers,num_heads,lr,batch_size
1,4.603560,2.773270,0.220291,0.000000,189.74,128,1026,50000,512,6,8,0.0003,256
2,0.893681,0.182098,0.952569,0.002400,14.80,128,1026,50000,512,6,8,0.0003,256
3,0.108706,0.066789,0.984513,0.139400,14.84,128,1026,50000,512,6,8,0.0003,256
4,0.050468,0.039923,0.992661,0.409800,14.86,128,1026,50000,512,6,8,0.0003,256
5,0.034542,0.030680,0.994825,0.533600,14.84,128,1026,50000,512,6,8,0.0003,256
6,0.029147,0.027899,0.995689,0.581200,14.92,128,1026,50000,512,6,8,0.0003,256
7,0.027951,0.027383,0.995823,0.601800,14.92,128,1026,50000,512,6,8,0.0003,256
8,0.027623,0.027895,0.995798,0.600200,14.90,128,1026,50000,512,6,8,0.0003,256
